idade,renda_mensal,tempo_casa_anos,target
-0.1891203907770335,-3.9909408772169694,0.9216501119244592,-95.8125492042862
-0.6533292325737119,-1.4248359334828686,1.7654542402810969,-60.43657150151888
-0.2248559818080785,0.2305556488763046,-0.6500025808234597,-27.96823626899636
0.5705986685931593,-1.9878712768375402,-0.7632591565425169,-12.4345744482837
0.3278795241593574,-0.3763627800087006,0.0858930062933304,11.089451070883376
-0.033126972873797,-2.1927901198257573,1.7945578635177877,-33.18560267524646
-0.5767713305683327,-2.722690986124794,0.755391225825756,-120.50316738425995
-0.4644042623093876,-2.943496593419045,0.4620608932518965,-120.36750123153205
1.0035328978920242,-0.2160303647410014,0.3616360250476341,115.15416049445504
0.0644744148101202,1.4595049314786057,-1.9754665663538715,-2.887792579105734
-0.7449026448064491,-0.4892008918312914,-0.6751782749743815,-105.5029820393604
0.8128621188389601,0.9218985626298278,0.6296288419236122,114.19232710916756
1.0470983026121543,0.6733554556799161,1.6839276914578687,143.82573035053872
0.2801611588196068,-0.079217270876781,-0.8096035199216461,9.947259084620107
-0.6568942789713957,3.601241723833276,-1.0469109826819396,-18.46502155713348
0.0245101742589427,-2.3190293515663996,0.4979982912454497,-53.27346682289816
2.1451491277733883,-2.506041159779272,-1.1875984190295128,124.384158277256
-0.8463159774657358,3.791120032964006,0.543479378670093,12.727809058451037
2.98525900260341,0.525634256725536,0.3674816654743044,302.7879420498184
-0.1828964411048401,-2.184008823687403,1.3748764191481848,-54.16387316042119
0.1848361236948739,1.4799537026426677,-0.8583577801812136,38.34194400989771
-0.3213858416529934,-2.4764915903775346,0.4129314542756243,-112.080108478043
2.074082669749973,0.7177405923334486,-0.9193845915864234,200.50980928105835
-0.8571575564162826,1.8770020432950187,-1.0708924980611123,-48.73712260829009
1.5327389130025777,1.5580395427235167,-0.1087601484568576,178.55895257870554
0.822544912103189,-3.173132786867701,-1.2208436499710222,-26.59710722441748
0.2132937073729385,-5.680844000861357,0.0012054753622242,-121.39567597680984
-0.2305246251802508,-2.1537566722428054,1.1797252083607102,-38.59040399205932
-0.2646568332379561,4.360602231471951,2.720169166589619,144.84783495267516
0.975816719344709,-0.8852697427137189,0.9184544439424138,108.07601231543497
-1.4153707420504142,-0.7037614001254406,-0.420645322765359,-148.79041681841562
1.5774532797634744,0.7481510511322655,-0.0952955323869521,185.75916812505287
0.742095372009307,-1.817144769010015,0.2992925804064919,25.41375850212612
1.2179591523055584,0.6616242810416004,-0.513196364513396,140.33309342756166
1.9870611116994408,-2.6394430605061627,-0.5309708978119645,116.14508767281004
-0.3037260287766646,-1.97434946722577,-1.345870923473215,-132.82329866636138
1.4033699701251907,-2.583263730520711,0.6979032725390276,86.93170404325544
-1.5255251709247388,-3.210254298978458,-0.6919080698812444,-244.2495580983921
-1.2257656630023412,4.721960289870099,-1.4643748802098202,-39.38171245271565
1.8820244964750337,1.4144050714079872,1.3454200461549777,264.34710165134146
-1.879924385139045,-4.7579499367138745,1.8709651753717824,-253.74562201353768
0.2153965054562879,2.304621649895212,0.5082686396745896,85.0210543469472
-0.8848027140269009,-1.329846753574531,-0.172946059923423,-134.03184986387316
0.6453759495851475,2.914712852863066,1.3686315575323489,188.37434652266967
0.2433394493226918,-0.1367580490664934,-0.2412360578563298,21.760383648992928
0.6969544045107356,-0.8864409540874809,-0.3338194897560099,17.00565942284396
-0.78489831308224,0.044064584187591,0.648280433843859,-40.57673014979592
-0.7188323876087304,3.887615345589043,0.7450053128772811,56.52522444610722
0.8141517621182666,5.497671130437604,0.4820667273353861,244.53987199911688
0.4271943618716848,2.9083716015802104,-0.646227309843803,96.13932183569402
1.236130721806218,2.896192453773512,0.0886575909614374,206.90242956315817
0.2887236628250232,2.197476308339407,-1.654887436228296,30.5682966297855
-1.1958830620351844,1.1840145894689433,0.4446026682201407,-72.69296896825709
-2.04173486842429,0.6251484238426572,-0.2471773825205969,-183.2733510110897
-0.7128457826771644,-1.630274313401295,0.1064302276918968,-92.65121272440442
0.6337768809320985,0.9294621306810825,0.4137990974514982,101.77768279082692
-0.3921081531321576,-0.9829864397933046,-1.4635149481321186,-105.35814124064652
-0.8323555731042287,-1.7122388812484288,0.4714155563864041,-119.5105485590553
-1.5558956462036273,0.7013577353722431,0.330880232214457,-126.36427727100826
3.0788808084552377,0.9337504636306083,1.1195749114345768,350.2914651849627
0.8968393158655319,4.836661884766273,-0.2685306479058323,220.05592724388669
1.5795721457307124,4.360153431353103,-0.5228600271532683,268.22036620019105
-0.6095122021592831,-0.9156741130640027,-0.186971302985446,-95.66765971116328
0.2610552721798893,0.888360831193728,0.0051134566424608,53.582627661084906
1.5337277099164992,-1.8877901810783662,-0.5358014630522978,74.32745684884702
0.4909749516382513,4.822036728059977,0.7348777860498175,205.2353370908731
1.1873860515647512,2.957189987039589,2.589563642018614,283.4123736388053
-0.2176812032272203,-0.6065779573016821,1.09877685198719,-14.413331604750152
-1.3353443587101013,0.5331030027997614,0.3801978510059632,-86.9519945621837
0.2921927283263731,-2.0033386694066584,-0.1873290184063747,-27.02639142048537
-0.57581824064468,-1.5915034428315824,-0.275051697151644,-107.32699475874988
0.5219415656168976,-3.961369839252829,0.296984673233186,-55.68081601361371
-0.9093874547947388,2.3730958411291407,1.4027943109360992,29.843463560289894
-0.037036797048412,-1.8353072727158564,-0.4293022245172599,-80.5145787573247
-0.0641881771084977,-0.5840918883500448,0.0917524844483728,-37.61074708629072
-0.3636122122138558,0.4509052843856328,-0.0569456237210674,-28.314521990773542
1.3175975356079597,0.5053829288088428,-1.0065425652796411,114.49765133057026
1.173473857485325,1.988643806002238,0.1810215587037069,169.2684687768034
-0.0192603797343946,2.3538128636940714,-0.2628908292082677,47.856334916194825
0.1226703159947955,-2.859985824776137,1.6246784584695606,-29.27394797798125
-0.6004235657387051,4.258809013540912,-1.866539951360616,-6.091306210550124
-0.6176518954343502,0.5919471222167868,-0.3160728560270497,-48.83546772938386
0.8108082731597821,-0.4029262244116434,0.793488720552213,99.90258868502362
-0.9746816702273214,1.9696608259014892,0.787084603742452,-17.183534147895564
-0.1701846225249284,-0.010123372232856,-0.4532280493272752,-17.86211263048873
-2.7475048427252347,1.373059758160656,-0.4997301761516306,-248.38105838652808
-0.0194196058877326,-1.0479503883545924,-0.3031797828342754,-34.27017352528169
-0.5642475986573886,7.674597857004757,0.1845513031970369,170.6548780909299
0.4621726660819428,-4.794373055651243,2.0243096232868525,-43.273402064346605
-0.3203473081943201,-1.4516575021629645,0.4241659464019164,-46.60335511936408
-0.191027762600169,-7.6870009763859315,2.412615421612916,-155.465333348991
-0.6097829043193822,3.5898944599369536,-0.1340171666729177,22.824800069424505
0.0819955564135604,-2.202521396335487,0.4572804046152411,-33.21208860383165
-0.4561208274741882,-3.888349992749683,0.1814266201139713,-173.4480886966057
-1.4400508825942944,-3.2888252606856057,1.5945050632249722,-198.74090962482396
-0.5227230205190395,-0.554706409328967,1.0490092258368893,-61.51838939327146
0.5488838353173644,1.6417943921339009,-0.2549557935536978,101.22180259280042
0.2493085956417288,3.0711286383209444,1.0450884740847537,139.65358916688157
1.0240625258114624,3.625098691779427,0.5925269492011831,209.09908309403187
0.9531250453760868,2.5871804171482764,0.513085420097293,177.76990438309394
-0.573700003938579,1.5685064641064987,-0.0243545922609828,-22.675647230737223
-0.4919024475062051,3.6002368692805837,-1.876552706041874,-4.485028899508532
0.514438834058749,0.3608868951356964,0.7116148780888898,82.54220152787232
0.5532512199847837,0.5155180193805936,-1.1755946056248516,44.44853556962287
0.2685922788632569,0.17103937469125352,1.5284684264125317,72.10411114971711
0.0599326302663282,-3.7177751845604177,0.2773769379581917,-95.9462380025338
0.4195324439070277,-0.3628444458233445,-0.8874921778021001,-19.413685575421127
-0.3917581490438219,-1.1004732354440625,-0.9224101844985024,-107.99723121426548
-0.0620040093660317,3.7406751466041586,0.9514492770580866,136.6424358061565
-1.245738778711988,0.6422812323906117,0.173180925851182,-104.46002508763408
-0.3223204692113399,4.846127068408325,1.2171585208254965,112.76319130577672
-0.3996361856146023,5.180891553700215,0.2246847257518859,109.08007165044124
0.1958452550976815,-2.334914176206938,-0.978372777615032,-93.03312780688624
0.7462535660272207,-4.079568422939758,0.6454841811410754,-29.762509974848168
-0.3839712719523516,-2.9941818819432386,0.2502002062516945,-109.872597479739
-0.6775646523356551,-5.177420186371791,1.1941094030473725,-156.9376860659077
0.5752050161065663,2.6711494905593587,0.5006657213812097,144.94693617558212
-0.5245202662797737,-3.3871553136516876,0.489374561227918,-145.14330907681045
-1.32245795674357,-4.053223098624064,0.4818660617184915,-225.24845119284512
1.0760071385985983,-2.3880775704104673,0.0213116486719422,51.70599549468968
-1.251113576385303,0.978399066726354,0.924027019206901,-75.36408954457028
-1.0676204293825944,1.8685497970424962,-0.1423794850212935,-62.99998561718584
-1.008554684076208,-1.616525568578215,-1.962625691672579,-203.0223526083788
1.42274813609994,-0.40283748655891227,0.9262154022415924,177.0890490394385
-1.870791921025856,-3.024258932752212,-0.3515134840413086,-282.97536516905666
0.1647608412365167,-4.40257579725732,0.050887701856018,-100.29994020087716
-1.0128311203344238,-1.686862587722918,0.3142473325952739,-140.66255857024646
1.52100622715938,1.4000129458982429,-0.9489165208248372,163.97714335967518
1.0318445394686349,0.5896643295347238,-1.485560373036972,97.22163942696736
0.019147777415752,1.2776616185791072,-0.6414869090443096,2.713493848171108
-1.570500603623177,2.754949818006939,-0.9896281365703375,-103.03965834639492
-1.1894118928673278,3.376304353244308,1.6426729532559634,8.067148767326564
-1.7025836042378404,1.2247582671434154,1.0291556373256436,-113.04242083470793
0.5885784044206096,-1.741570349414168,1.6699045043514062,45.43525818829103
-0.5698329282387588,-1.2727090001941306,0.3295087355730091,-101.92999912830368
0.3891591956679287,1.1163164178205887,-0.0531206530175453,55.70830105831568
-0.9958153947902292,-1.2243025174806619,0.651136241823657,-108.84658070646968
-0.8392096673390064,-1.094858188628656,-1.0448091940210336,-128.91142083923916
0.8925973382993092,-5.910311453135506,-1.2111719292807812,-99.93038436753692
-0.0007085945766459,-0.9391740915694629,-1.2504077339697175,-48.75627707558754
0.037937835447602,-2.2898583125357446,0.6833289928110694,-46.30459534205607
2.056207129940322,-5.899069768128005,-1.1032083657216831,14.459517841441285
-0.2412576546185424,1.2294559707855375,0.6725737012027313,36.2412240410582
0.2531652380379812,-1.8947331874959943,0.820344012612456,-0.3843579234640435
-0.4263575962055433,-2.255373150285553,1.1484457091967548,-70.8982658197921
1.4524675344707454,-1.3597452270690402,0.32674476460232,103.96289843641814
1.1055259329579838,3.151963188022836,1.18703030556038,213.84424519831427
-1.0121043752601675,-1.28064320984226,-1.6548566718657691,-185.0741284438247
-1.3260476860820385,-1.079305937367257,-0.413465161123276,-174.65824582719603
-0.2368186067400088,-2.3184756436127154,-0.4853635478291034,-95.45823430081522
0.2239141340646614,1.6574698632514433,1.3641404299738442,111.12193710479954
-1.0675329142542729,6.187574757729434,0.024219456672758,47.47244596035516
0.883109777147159,-4.689572426089971,-0.077837197012802,-61.33785576931953
-0.5511857163285334,2.3350832284999132,-0.8181988834223072,-5.213656633958506
0.2072673293989439,-3.0118721162444952,0.0693443370362504,-59.117894049918185
-1.308820399119112,4.081975787515953,-3.0195121558208253,-86.85859070183186
-0.6124373746404379,0.8613724956054727,0.3615035252061016,-15.260749634582634
0.9854496856152184,4.734354172686554,0.8691545924968965,244.84764446249144
0.6592456684324051,-2.451265893204572,0.9375701376265584,30.43082033834416
-0.1203811639535982,3.3212420078609184,-2.172669546014036,28.466858551158072
-2.003862364406753,-0.7935445239318322,0.6354180302092264,-198.03012265920896
-2.3629324355418384,2.7118045232585857,-1.0097307047099375,-187.59995476191
1.8861859012105304,1.2121525704436151,0.1745778128318389,217.7383001402341
-0.987179527151184,-0.6333907164830832,-0.1312569670923047,-120.69486030612752
0.0070631586281764,0.14932106154288,-0.6603211394734471,-26.297567899007436
-0.1162290431219581,0.7567211892800322,0.2147131831705263,16.825367130312877
-1.1376856704248166,1.954565974018517,-0.2014915339475179,-58.82282338335288
0.113517345251248,-1.1559407905852805,0.6621306745210467,-31.163867052343875
1.8005111815108537,0.5515486342610845,1.2389463529394371,236.4045072722253
-0.4658055691181628,4.719059175644569,-0.1508377115666953,99.42740744064224
-1.1033666061738736,1.523973980737631,-2.152890592952483,-106.77890436248887
0.4148655003619104,2.561927929656671,0.4632885301181062,134.2373361850565
-1.3230897934074983,-1.9168852430685066,1.642015160136369,-151.54716794637247
-0.4738393470709161,1.272183133392269,-0.0144522708782791,4.775248641588112
-0.2030453860429927,1.73121638154162,0.3711458733713088,44.90762271601545
-0.6122367345077503,-0.993925149549968,-1.085150526557798,-119.51561860092244
-0.5535882417079946,5.033102442229323,0.5689830791852754,90.26515974180911
-0.5069431753711298,0.7348997133261681,-0.4710383056183228,-45.478507847914585
0.2811914239693758,2.2767857693602953,0.104201103951876,102.95605767651116
0.0297561394957451,0.0849551283913833,0.9382838059759976,28.39538751459409
0.6255080168310357,-6.3000795229548725,0.885231482988991,-89.72765506848171
0.4296182191325858,-4.982882800547975,0.2076876871631111,-86.74010577242082
0.0675282046879238,-0.6773289014596068,-1.4247481862134568,-51.29602474514186
1.4313667818311837,1.0015798997056038,1.0817667276728289,203.5416972123857
-1.6694052811213718,2.254161370115367,0.543360192379935,-97.5934130242387
1.5007597906343109,-1.2843454828977374,0.8502217421134929,124.358530701736
0.5514762752395233,0.814485932476944,0.3405892164004968,75.95957908913977
0.6124687940136023,2.2703660399609458,-1.0166831285764972,89.75470175759101
-1.3698029795790778,-1.6724753550235008,-0.0882820483512548,-171.16666724204794
-0.429405541125253,0.37567350794372156,0.1222975030322837,-36.89931665657358
0.8595878869798019,-1.6486714077257405,-0.3871306497895146,33.73556169683866
0.3584536182096202,-1.6060052610486695,-0.7309562757154733,-21.3736646083327
1.8124485579969287,-1.880901173363302,0.7077519354554754,134.10226919020593
0.6696725488300385,-3.9134085015145597,0.3665982460968482,-37.61946213121838
-0.2515388860444957,2.3501715278477864,-0.5975101946916416,35.836558200116215
-0.3492577043184288,-1.0459564032235775,-0.3216350512173826,-72.17378659740083
-0.6897277740641738,-0.0415132382827116,-0.493122822399772,-67.97208747144361
-0.1285375114389307,-0.6243505718176191,-1.881849045497639,-70.57665021793811
-0.3692771392462031,0.783751593701568,0.143388467342251,-1.5897677193866642
-0.6706202090766449,3.0017469541289357,1.3924653000643288,57.996813329931086
0.2387891590265135,3.0908503620955265,-0.2590421458207031,99.20885390218533
1.1172958315881276,-0.2464535351777064,0.3427253463777041,107.2418204676463
-0.2561797524953801,-0.8546264801090123,-0.2414974458707788,-64.56386176025971
-1.2032008553891445,-1.9492956805448012,-1.042044412243103,-181.12021898309675
0.8187776437548606,-3.444789866257855,1.5379319184125528,27.17564528700952
1.5805406865683735,3.4204471155637997,-1.0150941918278686,222.70262835595108
-0.3011036955892888,-0.3469448471647215,-1.4785219903674274,-100.20232037730504
1.4769344261182744,-4.549927648262374,-1.167779551267935,-7.167112454146727
0.5697672802322039,1.3702596574613517,0.4477085600173149,86.81217828811366
-0.1590452104000513,6.656340700344401,0.295624488747095,167.6943746708876
-0.6163614080394775,-3.780494295517741,-0.375196380323937,-173.38091790183734
0.6487098875896427,4.1464769731125815,-0.1671180803168543,183.8524000564076
-1.3659557112005345,2.050707969601433,1.2119439853864005,-47.08084008205176
0.6585442726728304,1.003370369961075,2.0102045387663496,135.51675243342606
0.4919191715065057,-2.6952440140450737,-1.3202332070206422,-61.37126375513207
0.6220699903060487,-3.936657580294219,1.3289333195354096,-14.399369936789077
0.1795817819395979,1.5417235489767451,0.3506300992735592,59.485825189489454
-1.5486182988637467,-0.5303224893473463,-0.4911537471421047,-186.41527976123464
-0.9175028210142636,-3.3676344187332425,1.0176614668435024,-162.4360480975738
0.1517579922487403,-0.9595425697645317,-0.835142901630023,-49.25800268361249
-2.921350483494608,-3.2164170359568205,0.4365598041576678,-374.28975568177447
0.2253079220409415,-0.5230627737085074,-0.3695269288333586,-10.824743946550951
-0.600638689918805,1.1270940550370157,-0.2916937497932768,-29.032852072490652
-1.0858251288851857,-3.2617378165884077,0.6793732829565033,-184.20031987608337
0.6329318177555108,-1.6566691328429137,0.2029230208512997,28.697976311814717
-0.9186865114860944,1.6665379390267447,-0.4173668136050844,-60.36723266208959
0.647195939702741,1.1976693678158377,-0.483186462299374,90.08188961421143
-1.6009039784765156,4.469590315806245,-0.828497024780246,-70.1518078745241
0.110922589709866,-1.633148173575548,-1.1509935774223028,-78.42132139410947
-0.0548940006162863,0.6697167423874788,0.2855540748576569,27.82475831490269
0.4134349032237008,4.066913576414853,1.876795812558066,218.94042340153925
0.8294055811834892,-0.6573015864265925,-2.211135309007885,-5.76531886911572
0.8723206367206782,-2.3020426886641485,0.1833420057383517,26.61829677021068
-0.0805997492967608,-5.328739000399356,-0.8330560570007587,-176.52686124057806
0.1365353310827374,6.040161742579869,-0.3653215513121087,171.79199072478352
1.281016361735113,-1.3419656869762535,0.0678555105274033,76.46672706471382
1.3404504460231446,0.9575235312575412,-1.8751724696457448,123.3193150145702
2.270692857804396,1.8983455983188544,0.1818662550584951,286.2236852905128
-0.6237689606958051,-3.1602466895209678,1.914031353866786,-100.41088360888249
0.7109599682034915,-1.1244624226487925,0.4442633114860397,58.230082125492046
-0.5662977296027719,-2.9716089753920656,0.0996513650876412,-135.62613520436113
0.5087250232299338,0.8013799530344503,-1.5811907020321334,35.884984204358034
1.205994516546816,-4.89141973114542,0.7774073527645112,-10.39882716955903
-0.4516594761596227,-0.22184269682517777,0.1950249840281267,-53.204725482852616
1.044160877069072,-1.4683183275546663,0.6818914896263114,77.36428650536193
-0.2090232572860252,-3.6728947088680965,-0.8505204542093001,-153.51147025585794
0.7716987106483447,-1.1118429962583176,-2.8485426206300755,-40.74611076648995
1.0599363840466218,-1.176037919757389,0.6170059495766975,85.01374744886505
1.6764373122752827,0.0552551375686551,0.3269273737641626,189.60121827933847
0.241321934916781,-0.8898223772093949,-1.151014083619507,-36.41207834850323
0.1429430947637067,-3.581775019197166,1.732514999485092,-43.96804434334037
-0.3933388123273607,1.1060199266187034,0.0287448229348174,-13.656765106400115
-0.8972543714858315,-0.036740318540743805,0.0758045581937263,-94.7929964226359
0.4591800792284367,2.501766463646712,-0.070165711458647,112.7864155486214
0.7318707042882956,-0.9883433590412741,0.3350580290841175,56.83431270793072
-0.966976143129213,1.276372685354894,-0.0477113561419798,-60.61812054514572
2.075260872625265,0.5927988140771988,-0.6891878180895679,204.9056391598802
-0.7832532923362371,4.649803215052618,-0.3220615162056756,31.974555697655443
-0.0209015939641481,1.8311107963003945,0.117327383308782,38.58673216362806
1.5039929885826886,-0.7649316522625658,-2.650969808393012,67.85251281343912
1.2557561255735208,-1.436245864990432,-0.8946073022195039,49.13891764905078
-0.1856589766638171,-1.4375227135358697,-1.1063349740060282,-86.93793877351742
-1.244654703311417,-2.321367597310719,-1.7787202489042786,-251.2403234035272
-0.6226995198205938,0.8429756032050978,-0.2081222503572752,-46.01447141272271
1.4765403497258958,-4.729176470952748,1.3800913541474515,50.36560725533531
-0.5017570435845365,-2.4254808086795627,0.915402117702074,-100.09367109448618
-2.1533429198712444,-1.5781045280027413,1.0971527117536957,-243.851486025818
0.4746982328799528,3.2576866974947345,-0.0250269587451439,138.367851771717
-0.0744334291000462,-0.7425559066545141,0.620672097550678,-0.5845383031063882
2.4929995174327906,1.1657358135928924,-0.0060709115398933,278.2423747881321
0.1704162223754877,-1.1645304556236862,0.1605739810498646,-10.306648495764843
0.9592708260852068,4.353430823385125,2.1531824575115563,262.83758392563146
-1.0710536796490489,3.7073465754664623,0.6802161054504494,28.77995923174627
-0.4465149520670211,-4.544541674057594,0.8563987943234723,-152.83974148752924
1.126705136827583,3.097638613024971,-1.0909664302151982,175.0097601595874
-1.6074832345612275,3.921428262847284,0.1846338585323042,-41.17349446565805
1.9647251329163893,-3.5936336777665456,0.0352635519717286,89.67928933652362
1.246085192497629,3.2745205557673853,-2.073390232408149,150.04548117092637
-1.3459796802467483,2.6138918923717327,0.1263795795464118,-57.09406852178624
-0.1059483543041356,-1.39593137034016,2.6443433470170348,4.312341364262862
-0.0275149050506362,-8.616786639844948,1.772251596669744,-180.5317640357686
-0.4209844808202629,1.1833564271348904,0.2897748568964129,-5.529347008466364
0.4738329209117875,5.59732353343427,-1.1913034972026486,172.66309362081478
0.3341764172448974,-3.725281726444873,-0.1552590488247487,-81.50389594975142
-0.3091164642025014,0.5761473494700948,0.1335409047822823,-13.049098012690248
-1.2946814757209058,-3.3590096838784325,1.1608267873785194,-194.9491923415352
0.5581395145185063,0.130544005930398,-2.529560077694303,-8.532292354559488
0.9843223984765838,-2.995062122216373,-0.2139888442255089,2.6207659129734573
-2.0674421000398766,-0.0980842442822793,-0.0891200395127884,-211.162536932358
0.6897078052451944,-3.876788085316856,-0.5029747705513431,-35.84455676063129
-0.0716012594140639,-0.5890495472549346,-0.0372222365098415,-29.27569060608214
-0.6905410523162594,-2.3512969967591895,-0.9161919154812423,-147.58125929167363
0.5522999376795232,-3.697569944305527,0.6256309336460009,-47.87703103044472
-0.2341533747233359,4.569089569224076,-0.2341369569491805,100.31805267440372
-0.0486523515704511,1.0313636446496561,0.0327969954115865,14.855875527869973
-0.5893647569442115,-1.4790028039764984,0.8496020970210246,-77.16915060706468
-1.081548003614395,-1.9397186527275796,1.6871416350725648,-112.8571324640929
-0.2170170504243704,-3.7755147320260027,-0.3084827884558197,-135.93481923730198
-0.3714408659957914,-1.0280627822410462,-1.4075116947178212,-93.4863455636982
0.7746340534293368,1.331458284438685,-0.926930471578083,86.02070808008004
-0.5353281859539227,2.5422650314512647,-0.0905332823041607,-11.985955852283965
-0.649373038321426,-0.543672519654309,1.321304032273012,-37.88934635961623
-0.9983854391882916,1.4063227682250712,0.3017918998194659,-35.18968277611997
0.0125924007817948,0.6722774454312501,0.0976760985488317,18.198811868120213
-0.2180458953923738,5.42791904919933,-0.8476339286190848,102.09278675926208
0.6339190223180112,6.431832267975977,-2.025142586657607,206.18995458612412
0.6659242520544614,1.4932292672741827,0.4215866106144557,111.28946336319883
0.347581705361671,0.0553017991961793,-0.5397596803093615,36.83481236799023
0.2237879516388985,-1.5528338971085143,-0.016422896072752,-35.37786084707898
-1.8206033005485167,-1.7110540992410417,0.2700573583914221,-202.91842931968944
-0.5172884501003722,3.1964411251960536,1.40934744018558,59.87427624108325
0.5562300094006599,3.984582425547174,0.4558877720816076,167.6510736005908
-1.0021874557814727,0.12275752618716329,0.7408243454201259,-90.53160300941136
0.2465047784320048,-3.334373870811096,0.4982217484967851,-65.76301565545573
-1.004140766752068,-2.7559558394525947,-0.7677975651041284,-190.9002870073022
0.4547409121411344,-0.100837694111139,-0.5164296438875717,31.68403332224535
-0.8058700664961888,-5.050314576662851,0.9648516330974576,-188.0275630868709
0.2658782296520485,-1.4101264432785046,-0.4367197360405955,-23.70254638645808
0.8294748419317485,-2.8197093033265945,-0.1938261387728035,-4.878142205914877
-0.3152692446403456,1.954173753917394,0.7589692204932674,25.479697711602245
0.2537396614945734,-4.50891098518546,0.4676931717654332,-98.10087231462576
-1.2477831819648495,-0.7577044541794808,1.6324113039316352,-93.32920887989
-1.830632896856457,-1.9622270493822715,0.5112025995249807,-226.94061219916216
0.9504238381860504,5.62851251764766,-0.5769036556624031,231.2537309904097
0.5863640187550933,-1.5858500452492705,1.2382830714336357,29.352616428649583
-0.6881503451777238,3.029451268027902,2.2524358053443088,69.71637618830094
-2.151815401329305,-2.673576676245862,-0.7191533192424201,-307.10646724275216
-1.4358621511794394,4.323819867198346,1.1631637521549596,13.854225065939682
0.5296927543567308,0.1699497746913213,-0.0704987780590912,68.2326647308236
-1.4848979684499035,2.848662406323971,-2.553921134901955,-148.73623057300537
0.3673655068161781,-0.6794366757045801,0.9135846262332494,44.880357696045245
-0.927353134190574,3.485634907824571,0.2383689827347851,18.78572114048938
0.0196166576939899,1.3154272164291818,0.6728612359668199,55.552345504975534
0.1838345163225043,0.9033220175752263,2.6930336639804966,121.56774827189103
-0.2588544003698316,3.669249201285975,0.3525049683568795,95.55277434379816
0.570612997219531,1.020153883706671,0.9681846605328612,93.60721850507436
-0.9096834169818336,-0.0931767986127057,-0.936506374789596,-119.788650006542
-0.742484232538384,4.024427746592643,-0.4853058353678683,30.201526374382745
0.8836599374866724,-0.5178818998224588,0.6523228784134196,85.79023211782379
1.3149144535840471,4.836834773965936,1.639964529371393,309.40637737365705
0.4395012306202264,-3.3004626989150845,0.7789365035121141,-32.049382960166945
0.9686449905328892,0.2912326480441209,-0.7020530938773524,89.30360565034532
-0.4570962565862718,4.983777643643609,-0.6022120603617805,69.6002145604462
0.081829358547565,2.515472323354926,-0.0988896531911426,67.94074681653684
-1.80198043758002,-3.5103390781780783,0.541462728204788,-247.3977979829669
-1.448084341497324,0.6961498120729088,-1.4074637743765552,-163.5318816934117
0.5010941699398452,2.925592889347289,0.1895816165987434,128.0441764179345
0.0253884205424101,-0.1362336537967146,-1.9196731561976563,-56.83746968689544
-0.0273045395099318,-0.47558871908090994,-0.933267959073196,-38.51042195468838
-0.0671782900493552,-2.495466624691334,-0.7157599891107518,-79.64273454456807
0.4692675898085262,0.9484678715483348,-1.5355721232071058,31.098190916682192
0.5987943895619102,-0.019563945688374,0.6683404887180808,73.47492230199727
-0.6734906242438685,3.7432262180212015,0.2789941622238019,44.97177573234757
-1.86653661707306,-2.150466961808415,-0.0826806858426992,-253.8461854769969
-0.977555244798551,1.5027515628731423,0.0993323054292258,-36.09579313298845
0.7479102561175338,-5.937899431127364,-1.0727430257398065,-115.19846632073248
1.5334337012963255,-6.6355857339885205,-1.423957152450145,-61.88914725743809
0.6929186230316111,-4.015817399169746,-0.6058608207588934,-51.32458220242955
0.5345056484805503,-0.5495898561611634,0.8876554258738361,43.55420815262598
0.1972922656312064,1.3895543858027541,0.3113086734428849,90.7608830335064
1.3883377782084478,-1.5787435695522634,-0.3850218117128636,86.77046271483752
1.484116028535965,1.417218833641132,0.35561334878566,211.22281380740608
0.0961207769409833,-1.5481341846521217,-0.4622752887050425,-42.148280481024
1.7952113559123222,-0.9620028766715751,0.230070759191402,159.31933707718636
0.7083564472993533,-3.0636984513921397,0.2438007137711988,3.265080438481916
-0.0153098491729955,0.5500797593374669,0.5792914996010884,34.368458082752646
-0.6353623888256293,1.8591343378984089,-1.1896666590903613,-45.4184622863607
0.681359510442948,-3.3068764495092693,0.4086073077017676,-3.661540259879361
0.5159392177040995,0.2009721516746157,-1.562545856886543,13.029157423908435
-0.4916361856320473,0.6289782458238771,0.8071225966373103,-4.421125542193417
0.0064222698109378,1.6388527440110987,-0.4363858905265686,34.25963473793115
-0.5289777080640152,-1.8257691697191012,-1.0565576427602528,-125.3066443806173
1.695051040430753,0.13080733911736112,-0.622649361734452,146.50766558477892
-1.1062935124116342,3.4068604415488317,-0.8245141615276735,-50.62601563884097
-0.1301430543676845,0.9724990574653263,0.0969959649927181,29.723878178241804
-2.296180953137238,-4.331564448400625,-0.5505368494915835,-353.3878327346011
0.812525822394198,-3.5886198722420124,1.356240028570823,8.257335619660168
0.7796605322693398,-0.9241028525572236,1.3103087461196083,84.48899219086829
1.0786808334312956,-1.37665278860682,-0.0385084695007072,76.01856566272649
0.132969674146876,-3.0795458982331807,-0.7001208149391732,-93.33710998901256
-0.883857436201133,1.1559521391865104,0.1537251059455279,-55.06499963024117
-0.0314391703747764,-2.780094926541932,-0.8484286341908146,-91.0259991872732
0.6795977489346758,-2.145911127779905,-0.7303666317171367,4.689492319104323
-0.7257438131534656,1.5529770614073692,0.1867667644770783,-7.116139165204181
0.5866938014752747,-0.7767149211122318,-0.4749036566225244,14.639658573478904
-0.535235211560568,3.1486581459580054,1.3173940656343257,76.27745669155689
-0.6078752606758179,-2.511787293149101,-0.5391227031489786,-148.10895330014029
-1.7101683926566256,0.9234053066761776,-1.348185422105713,-177.21731714080855
-0.2058594308803403,-0.5893997502842914,-0.7465783465402389,-38.69674841843994
0.889630795623437,0.8011507976077763,0.0822839892754241,123.73515959769244
0.1085597057765231,-3.431178621961985,-0.0332299906444608,-95.71974445708062
0.213979910734222,-2.0991765239777567,-0.1123280496908298,-32.04753690625991
1.7553408424432044,6.182243774645961,-0.2489641484790735,324.2016037253386
1.399355436586002,1.7177483440684758,0.9246336829127688,208.32128662494333
0.1910990680199033,3.835355587821896,0.0464365481561488,135.32747308689193
-0.1681438185847896,-1.862542794753348,-0.4720905776971273,-86.33008887741214
-0.5621680265783021,4.187051432369868,-0.2092218737445277,57.92212264012106
-0.6056155397368641,3.1197140621882293,1.826009713546936,70.78421666901404
0.82206015999449,1.238342780809495,1.8967929826539476,178.39366545922977
-0.7982972445384537,-0.5308416824821482,-1.3793192280145272,-113.93065482927116
0.3423378344896214,-1.005413343514355,1.554160420714774,43.09626200392043
-1.0917008761393143,2.006224966777538,-0.387099702474401,-51.86163224178045
0.638391925608383,-2.701862203943606,-0.3286184757489846,-18.716961344717504
-1.3118362323501596,0.0310578595301418,-1.0651136630753726,-143.85281971909689
0.1281044149107892,-4.292325306354144,-0.6810516574748808,-124.74991344896836
0.0580227348083952,-0.1284701439347244,0.8484308822052846,17.888319477297593
-0.5302576183724408,1.5121395465535332,-0.7928728322623442,-37.23654571925632
0.54711911517521,0.06739767843613889,-1.1808128153088449,14.252803380638962
0.3613956055084139,-1.9353592638153727,1.5380365664659692,21.98645251277716
-0.7424705856980482,0.5838223657117281,-1.3200225112207058,-89.27065608824246
0.0720368612837447,1.8063549611774503,-0.2122089699011516,56.1949237907532
-1.1254890472983765,0.8399058789594609,2.4457519796168263,-12.249841282456748
0.2332161312635016,2.1246432697696713,0.9531366339132452,105.67487673110526
-0.4660365018682422,-0.44280775889600577,-1.5947030672667954,-117.2048391005869
1.2619215007139917,-5.319097404620644,-0.9057323008626188,-34.16856333960258
-1.5537587660160643,-3.215571699120467,0.8178896580250287,-212.9552678364479
-1.594427658794367,3.7134489359203853,-0.5993750229537729,-60.49347066222903
0.2930724732986812,0.6967610914830105,-0.7143514180263678,41.30185434303695
-1.3719011429313563,5.13512544042703,-1.6135613978767411,-34.223454595330786
-0.877982586756561,-0.6110212505308974,-0.82688035403986,-121.53181390554164
0.0979831534708954,3.2573589748180414,0.3080505395041023,106.29240937115286
-1.5341141707356225,-3.3739262755136075,1.277676821898509,-210.57274043683012
2.006092888159123,4.626329857703627,2.061503576636398,362.4674738112752
-1.1057046684859355,-1.2324428638637543,-0.2149210302887353,-136.89804888672165
0.3026354652390332,-3.439036179056064,-0.7542758500193579,-91.85862517353
-0.3091721234686393,-1.3034886822969467,0.2221337716337128,-53.36215671768963
-0.4500128579958137,-3.3902080171210733,1.2571492168625729,-94.8976194491107
-0.0883629592053353,-0.3288294117774924,-0.3700110298821277,-42.61310580736318
-1.6275424378831629,-5.414646301993557,0.0480849466613819,-318.5510447724088
-0.6002168771587947,0.59717908672041,0.0698020849900189,-16.247828136413492
-1.0016200098949155,-2.0459527439933956,-0.2811002928859549,-174.99150018314984
-1.142970297830623,0.1746261553379994,0.3577873603482833,-110.960861026827
1.472670675750982,2.6281403775893826,-0.6039806259692295,226.9811023888965
0.4086528114806708,-5.32870569869496,-1.0293715081820716,-139.54737338837785
1.7275431701007111,6.426811075835593,0.4363236696740321,370.9864504301384
0.3904648499288896,-0.4121153651981898,-0.1032217529324962,43.44590734488945
0.7674347291529088,4.737638446522175,-0.4694743859349521,188.0654844497382
-0.2308663738447689,2.1646875153784304,1.4532606633210343,78.43405341989651
0.8451579711843216,-0.8366501824522696,-0.0488971834741055,64.00025184163952
-0.409282438113104,-2.084139393267175,-0.5240883979345925,-114.4261443364767
-0.4523063192490767,-5.668622192836593,-2.4238793266289567,-268.8757891362501
-0.8184286659420014,4.690240076496325,1.532367724678116,98.49823874245403
-0.7991920066502536,-1.9378925373736058,-0.4827435221820324,-171.61321875716806
-0.0255743121919944,-1.5268908771224963,-1.7690759048891185,-71.15562727819895
-1.9937356425714556,2.500586884826774,0.3740565698475721,-123.3138856339711
-0.2285999153400185,-1.5396406994147558,-0.9943493746085122,-81.99405420995895
1.513449743242131,-0.3652425251498505,0.6308116845547775,141.49241924142882
-1.2803043986708944,-1.692235892210185,0.8724573282801447,-140.84760872538266
-0.02652125924906,3.2104507149492822,-0.8818746512277178,55.64977743452369
-0.1688217231900106,-0.3133476556124145,0.0700521631131813,-21.82177197995769
0.5820265670847269,-2.090315455288725,0.2604422633335559,14.772606327561224
-1.0025293646378088,-0.0570486237080664,-0.0185131359923899,-109.46811108486608
-0.2523535021262876,0.9692378193480873,-0.2918112689155441,6.051998326247557
0.2691269412451073,-1.1749457022653733,-0.3431922754974105,-22.158222729902228
-1.251539424190444,1.0561661895428904,1.4437646040732597,-41.66858530818047
0.7604146561442974,-4.75170847045717,0.7858001586508322,-43.44335028177779
0.4283070972076486,-3.187180584440639,-0.1871442650045487,-43.25930674885215
-1.0003313246055747,5.816786997174854,-0.6777449705248515,38.97843569942223
0.6901439917111125,1.2051351662968242,-0.4012204718858362,93.96726447937674
-0.3226798388421357,4.50400095586646,-0.2508330164550473,86.65476089699936
2.3146585666735087,0.24562241815896751,-1.867265192591748,183.1908884047419
-1.366878698415421,2.8029597337178207,-0.2247654018926835,-58.47575024722297
-0.810252437014381,-2.2037747303941475,0.2005691972309428,-132.9783294634782
-0.4937565831613125,2.9888004583414203,-1.556581898659751,-5.126535166229287
0.8691560643892732,-3.7129872669818935,0.8872908372667421,-0.5983098722652374
-1.091933900395313,2.563575681199847,0.8902475008365087,-15.745724562008473
-0.2860042218801108,-7.59086256823899,1.100959634998571,-192.6215091114836
1.904136589573007,-0.8995145888246415,1.6259589153620633,214.03164077986625
-1.0325239035275395,2.8239317423024497,0.3979270499468089,-18.65894667117324
-0.299676648006787,-4.345774243900632,-0.0502046170417447,-150.9041908358403
1.3538723741654128,-5.139403587272632,-0.1145398452526178,-17.178078050205983
0.6819529712949639,0.063011524898277,-0.310266756593456,57.20562804590926
1.0715431522348855,5.099872123729141,0.1906355912650243,244.58851226020343
0.395803533437409,-1.8766881045285881,0.4940301862827388,8.586183982284405
0.2544208433012131,3.503346184979422,0.3376026620752022,134.82500326300746
0.9321915642603849,5.242089593746675,-0.236555287218946,229.91107247588045
-0.1382643011711846,1.490142459033698,0.6476885381006925,43.19461180345256
0.6962063648134184,-0.6928035906260337,1.8489560949453447,107.04807939808938
1.0213832954293984,-1.6943220125128269,2.088442772869925,97.68794108637614
1.561511196726853,3.905223868196394,0.0320041490657666,255.3434912424404
-0.5312142946075985,0.5823228928600731,0.4838766511880397,-24.70744589176583
-0.4292444202986618,-0.7999569877032444,0.5885532697707198,-53.85826243036745
-1.0372461543264564,1.6167301310539761,-0.1903386780836082,-55.3395885596225
1.3757068133116197,-0.8926905100799756,-0.1500555870325267,88.18503447870565
-1.243863235391285,5.248730229560818,-0.6929051977959073,-9.158551659945257
-0.3077782349530008,6.489764169916381,0.2191503276639389,135.3906750956725
-1.4382779783173667,0.3398112316132932,0.9192289345752036,-81.3366824052741
-0.2490360395563783,4.934903140503851,0.5765569630557664,104.86950397323608
0.2439531979085002,0.5200249931112246,-0.2232022546348051,18.02388041698789
0.8004095252276823,1.2957676340218218,0.7542913298135743,133.9812170940638
-1.4084612963635597,-2.113031071628278,-1.5566291735239035,-238.8149276464575
-0.0393072876276311,-0.7322414210226039,-0.1344967844017327,-57.79136018867355
1.9925153531681183,5.15813371862189,-0.7666565877833479,315.43330185045784
-0.8036745679697308,7.739128012962956,1.6391168054440677,179.27927788509842
-0.6067002947652967,-6.740668001953816,0.2112836922794727,-252.6748553156367
0.4369381697463498,0.009138060460243201,1.190646274786341,80.19914228539349
0.26402008133367,0.5994313011561405,1.2723535001067678,79.10701895617737
0.987334516589102,1.3990751233390035,-0.0759510236425227,127.42267869065137
1.5111549302473477,-0.38264736113260256,-1.4511756900515589,100.86244106973804
-1.5151910621985525,-6.905763494206754,1.366874267444525,-308.906623377032
0.1980847607678549,-0.0723752613300096,-0.1443604119239424,23.390939811175343
-0.6013676439512137,-4.002076484754613,0.3197819341425369,-168.37972721853225
2.439752406339273,3.0677112960289215,1.3842728185105182,360.4818414294973
1.4926885689595215,-2.4095368520410343,-0.2711236010425688,76.97719902543979
-0.8022772692216189,-1.0281435495803084,-0.1612857116660091,-111.43863140948388
0.047398671316414,-1.9555083234064776,-0.8604133652839524,-74.33031230271641
-1.2932729578711637,2.1592738264445455,-0.9564363768180087,-92.22307222162242
0.0036956718478473,5.887761571592384,1.0114630354083562,188.989449915287
0.7223813578277714,-1.312374900970231,-0.372833152091767,22.15710314753362
1.4872461553359273,2.0461561971378597,-0.580053241370043,188.77646741534508
3.1377485336599937,-6.407022641936086,1.0560568090660518,157.22304034481743
-0.0983396267947498,-5.078870442586157,-0.9885911071509176,-193.3358831046449
-1.7684393655628516,0.42265874073361176,0.3231677141847814,-170.0478544579093
0.0602302099410264,-0.0795416263476504,2.463242112485286,64.43603406496877
-0.2264840988498319,1.7462931104058472,-0.9594392367234796,-3.188472925344384
0.7083038472010638,3.566740114423929,0.3514482075415829,186.52718086137085
-0.7563507452843033,0.6103909076016694,-1.4222537095976742,-119.55322501406964
0.0067998445599977,6.070818657688919,-0.1900390350014944,176.10730796172214
-0.1973384203073261,0.2687420437657464,-0.1512732836535117,-11.559625243034027
-1.2002964070557762,2.5972655825103645,-0.3345012358409484,-61.137885371748624
-1.9875689146008928,0.2752823296065069,-0.2196718878375119,-188.5954855703381
-0.5956612940434921,-1.9612990159464596,1.374438093170817,-82.5867621550574
-0.5915713888358299,3.8329946873652747,0.5470973811700379,74.76909885611248
-0.1517850950355833,-5.8562633985675046,0.5883172064845765,-178.00574027659047
0.9640871682883572,-0.7324699058719458,1.1894704889246406,131.38956521281116
-1.2308643164339552,2.440551652109009,0.2274599346041294,-46.6631528676084
-1.2295495944524168,5.875042362661781,0.4966992232365217,45.02722281380569
0.1235476959555823,-1.7770678669561608,1.9541574337502865,26.93022222637387
1.5490201514951871,0.3055688857859601,-1.2391070756539009,127.8802923471312
1.3291525301324314,1.9281682796026316,0.1965211697014701,199.43159945710687
0.0642800190954627,3.2668517909020984,-1.077744777929306,82.5025559029515
-0.3885184530888858,-0.0561262693376922,1.1241127199860137,-22.466394824010187
-0.684629825760004,3.0225410695107655,0.7906255991627686,31.390818622062092
-1.2096410186912054,3.6830069774198764,1.6725723868377034,52.621851358834746
-0.4397310582741749,-0.560614932484077,1.4469778843537329,-8.244255532678311
-1.2767485758203094,0.8147365115861203,-1.0810565404082624,-118.99997964136504
-0.949398888831943,3.1609253898235186,2.632382064837391,61.24666794359596
1.5475052013300616,-4.547232344991696,1.7958776730955217,103.78396049267936
-0.6469367777055739,0.1788911097605223,0.6982233136135899,-49.41352732143525
-0.5112156764311852,4.779559879918191,-0.9896048202585808,69.8925662029221
-0.9077561801469204,2.7068315213599417,1.5192839236417688,17.186025023978587
-0.2573765374233451,-3.068377695595217,-1.6685840738775894,-129.6610393543058
-1.1790397911598025,0.973077845164809,1.1876793884615635,-60.9621415864363
0.5972282182533848,-2.685209526829814,-0.9483480042242008,-23.318086185722805
-0.7519693317388191,0.6395898847130672,-0.3190539356666181,-65.91809748436987
1.6286155455712918,0.2222843412593253,-1.3801014582148914,131.14876897251546
0.7384665799954104,0.5905837076073704,0.1713682811899705,97.75148746199336
2.411676675578421,-3.3906111740217715,1.5163940552535728,178.56659416556553
0.5467335682013793,2.521860079513659,-0.2389320991696943,135.395400959318
1.1890165311075518,-1.912161381919553,1.4205042479898549,101.9096752820938
-0.4593608995402441,0.744661758901008,-0.8498443694647918,-35.21434411233875
0.4329598253606961,7.280149459036567,-1.3776175007542373,197.29322524958792
-1.389572466763596,6.872827717772225,-1.6453987469568918,15.271325593645066
1.804348109786743,1.463616854613222,-0.1909037917272986,209.45882604567964
1.091310120594269,3.708279525631312,0.609138120907177,223.4836548415063
-0.0796413912457151,4.236661666246288,0.4523717962497339,124.09205529552533
0.3257963165821664,1.7388995196407269,0.194384301577336,91.44669517100404
-0.114736441466899,-2.377562215298102,0.5049872789804571,-45.981919948682645
-1.616310608436588,2.3998257058261503,-1.053682419146354,-104.47422940981888
-1.3471262895296965,0.5540409175947252,-0.9716140385106516,-168.8425704651383
-0.9039076414647896,-0.33367818404610095,-0.7355299425897666,-102.63027703598162
0.6931056072631441,1.2864495009917187,0.1764415552772252,112.0459150426598
-0.1601327955666404,0.3450782374422513,0.6713400764504657,23.517195424542194
-2.0870270186020687,1.3751601106544526,-0.5846177306571996,-184.4390110308696
-0.2739930818293042,4.688666305524594,-0.243383979375018,75.15625367840758
-1.763040155362734,1.0308548687053842,0.324083969394795,-124.74550470929272
0.4736320768114544,-3.392665305977747,-0.9263811299815384,-81.44680204530289
-0.0991758637793829,1.9506035338759828,1.8466369960476656,91.4305001763472
-0.3696103360436339,1.8647156695681524,0.3771003939021864,21.263038439480955
1.3171150673398653,3.419635683387136,-0.1180685269910787,245.4434624633652
0.8576596232020194,4.426068650848656,-0.1599385299634271,195.99891918617007
-1.141689114133505,4.4325902431657855,-0.1936594592797181,31.422649366916687
1.5295503194606137,-5.077393889144458,-0.1580078985789894,14.735862358371698
1.0305805856240573,1.5323762655827842,-0.6578345538521371,130.10614969600314
-0.0897356942872267,2.127011272765537,1.4401172154494728,90.2911058224756
1.088748619704186,-1.116620328213159,1.884586305934609,120.34033915419484
-0.9221653241776254,2.2709658499360557,0.8696059201056602,-19.94085540238382
1.262584103427182,-4.576968943710284,-0.5518581458924467,-24.675344559654587
-0.0576187970335853,7.2102467557148255,0.2010990467149675,212.958574084634
0.2174328731797228,-0.5720472022900395,0.8700677306887542,26.127207976222586
0.4789798257463918,-1.43297234029535,0.3336621052869483,19.016737396766768
-1.2575778589146165,-2.4325725336310144,-0.2340198591069813,-193.90053564764256
0.0865897874728999,-1.8119555601474617,-0.1556772353920794,-57.00844952672332
-1.2141886127877322,-3.018052144499106,1.1581108735000678,-167.0607701073605
1.090980425185967,1.1604255620676076,2.012270445700765,207.1176530214306
1.126050250772168,-0.0877884410549349,-0.0513937235884862,102.25684794996536
-1.5223591862178911,-4.058010857530603,1.1126883749899252,-234.865406443057
-1.035242322419374,-0.3210910798636734,-0.553649305347182,-145.81004473453777
1.8009404329108156,-2.029176906177809,-0.0401579506443434,117.60436728182702
0.3384838434616911,-1.059498878432065,-0.2954014101390294,5.400996276293182
1.2715550949941588,2.8070351794423836,0.7216720640432351,226.9090787969147
-0.2817846088605072,-1.2605604512875717,-1.344450511034277,-105.01124358993118
2.319329539981694,0.42515074091971417,0.3933178393943718,258.80287272996503
-0.3248313835086224,2.945296460974783,-2.499405714873573,-25.29464865067765
1.1243533598705029,-0.18657305099793298,-0.3340772309799405,73.37144148970714
0.6380511014407572,6.693900438577897,0.5008444749444569,243.5579746384372
-0.9913923494563072,-2.5408840449549834,-2.153390113603715,-226.5681750747467
-0.7728776678236091,2.8425793863685733,0.4070522871245351,25.04268067917337
0.7045065398247231,4.367466966440299,0.7890566873755189,200.50151452458624
1.4104591452035038,0.25147988378808267,0.4097627959594974,166.7672233177782
-0.2297996305751938,-6.657901118242606,-0.8514064342603136,-238.04775196667327
0.6141667000434252,-0.6629087985996687,0.7575077100473051,53.84815975544963
-0.5495402745955349,2.7461708266804847,-0.1167659157952466,25.76679913185847
0.7533416211045325,-5.282288277467453,0.3811583848827777,-58.79122940841863
0.1504189051435764,1.4870456639178138,0.3649610024662254,74.93469855588212
-0.5449190868089497,-0.2901393356111769,0.3991361143520708,-51.387413354124
-0.5081401976473109,-3.6621372777424757,-0.1477803188174715,-143.91912801707574
-0.8082982853551515,6.569408799653017,-0.8397218421807761,78.85783124464497
-0.9815086510479508,0.030699183058761,0.4621034742632707,-88.66995364263514
2.0574954697116987,1.8574627830155932,0.0207937076754078,267.96614334024395
0.5142547560178349,-4.593322507667166,0.5720574417141441,-50.12904795003716
3.109918556005361,5.987002469351893,0.6067230591361827,487.6364213906936
0.5597904479310398,1.8317572358514695,1.0807807255546218,135.6855912303065
-1.237815498826849,4.758050448436056,2.133033374656266,70.56066420341735
0.1412571400874632,1.1489669542227852,-2.1305664798072006,9.225896901739253
0.6855077387902041,2.2737655497708587,1.8486088332964117,176.60014858944135
-0.6078219870944325,-6.365564697025784,1.2969945465611092,-204.0094989942363
-0.0815226731016458,-1.5125394930230145,0.3476764835383363,-41.38751219607912
-1.6431888111541673,-0.3097642804471419,-0.1758544044320711,-203.22288783100944
0.441940649569409,0.5059640159001828,-1.090399077442846,23.98620403743215
0.9113627221747216,5.961827997692424,0.1057537912714804,281.3583198819296
0.3088330125989638,0.0638147302081848,1.702214944635238,77.5747529426943
-0.0555476988966187,-5.110147318065465,0.3840654489393073,-122.24564594375916
0.6153674840130534,2.216431442662509,-0.9354387020445952,106.55449333564049
-0.0502381094491369,0.8113704773395165,-0.2389480468664097,28.827324200277644
0.5839281853259639,5.5401219772081,-0.3592920907870595,192.80058777314176
1.490726136849952,-0.640328612790624,0.1486674572021115,117.03120118311456
0.2825799504882996,-0.5013651413592345,-0.248691126183547,29.741494466716738
0.5131057981760827,-1.3064591117095299,-0.2595466775839172,8.595641511027214
-0.0771017094141042,-2.447430854896315,0.3411519748166439,-68.55077001471281
-1.6076610271180587,6.26861616508432,0.1847405788957244,36.08349784570231
-1.496529255090079,-2.78853258057723,-0.6500239344068982,-245.0878623459449
0.7818228717773104,0.7796483827452705,-1.236950710878082,63.78243243593851
-0.5297602037670388,0.9862533289790532,0.5132674331133561,-35.342696778586344
1.0324652605511468,6.366468591037899,-1.5193699659540134,237.440469915994
0.0455718399038137,0.6493757687459244,-0.6516003476058171,-0.6122019559356175
-0.4830610516834395,2.6851149422283465,0.1467930119855493,31.668844818895728
0.7708651938869668,0.7068436743256977,-1.4785862457798415,52.760556668353885
-0.7539645888666763,-0.1877793836985672,-0.280675076866774,-83.8930830244033
0.8949243769444413,-2.1552217967075924,-0.2949496782920278,13.602555000084449
-2.123895724309807,-1.7981779363320665,-0.525755021680761,-277.08616884126263
1.5307508323436974,1.7997861899886134,1.2187618516973169,237.34961567691929
0.0768218910602553,1.4311224816693642,-1.2829922241885696,0.9240105500943924
-0.4207617936810532,2.660662170291901,-2.6042138566271342,-49.3472759994653
0.1798941511534784,-3.3107679516473127,1.392002286344599,-26.858373362036566
0.3918040054025465,-1.6387333447574481,-1.4789115687741288,-29.88549631655259
1.159329803364248,-1.0828984974572398,-1.081063327599897,67.66737414621785
1.1087035805829075,1.7719644920769277,0.820482181197364,178.38238575034785
-0.6172531865469232,2.5168215014088364,-0.5583017539460305,-21.443141907560296
-0.8206823183517105,3.4757867370222124,0.9633761292443218,22.76112873884393
-0.6526239793023909,2.5219306469661724,-0.4461834332147797,19.875038577809583
-0.4794929673992433,-1.3291320633854469,0.2965755451407618,-59.50874985749648
1.8540925663341885,-3.0725604729876146,1.221033695525353,135.49335982412163
0.9503075919735756,-3.2034087647375795,1.7106133725819253,45.856626248176205
-0.2134471517118472,-2.1553326637573083,0.3109075655980046,-56.03344424226808
0.7081086766885905,-0.4574095091416317,0.956702316794584,70.77279678854828
-1.4123037013352917,-2.7240722265636323,1.465648768921554,-191.16020391318764
-0.2304007142057673,-2.2754860041002085,-0.9242331442683044,-105.40601962316308
-1.5178737466808094,-0.2147977555742004,-0.3570292008066094,-172.71960819638505
0.9312801191161986,3.092998567487853,-0.8392175232226385,142.89805268238112
1.185704154662997,1.6099582575818585,0.7189533106650667,175.67275395657444
-0.0757642865354598,3.117335362260807,0.6704806172412126,98.82962500059448
-0.2234627853258509,1.447417245729556,0.714000494092092,49.57267395518745
0.1093947946048928,0.38766354592568253,0.725766623898692,42.38760372469749
1.6850142787085094,3.692623539464205,0.5628808601743548,289.3657079923436
0.4735924306351816,-3.1869111411783146,-0.9194242342338032,-61.46878243895943
0.8970661968871322,-6.616698171297207,1.2748750412787222,-59.71867173691688
-0.6629009175509482,-2.1059750634202663,-1.4026052717996935,-161.42494277861312
0.6408428612670098,5.3930595805485675,-0.5711789897827968,216.07725233614
-0.0744459157661672,0.7726511721682929,-1.9187712152990413,-48.10734332361008
0.7175422557959623,-0.8082205033336731,1.502357052096028,80.91221866661358
-0.8612842013282637,0.2321049229428549,1.5231240772696573,-32.43890256916107
-1.015821818978397,3.4459120482861456,0.0616798498479716,-4.20247710463457
-0.2346205699574138,2.575353349969996,0.0382379949600283,63.00851074052261
0.0549341109998487,-3.7371521293391536,-0.7095798547491726,-117.93472559332604
-1.0040545968420105,1.0494000737037226,-0.095464247089073,-83.471975717254
-1.2608839543350452,1.2149451328828664,0.917861947054776,-64.1474435871262
-1.6394841625254342,-0.688645966081041,-0.3924711060608729,-177.08722274405898
-1.0147567306928669,-1.7450427418459311,-0.6492775450660071,-158.41698612516817
-1.5506634310661327,-1.5104269623485975,0.0685629748060273,-199.3782527316035
-0.7567950885694608,2.988143057417449,-1.4218106667418438,-31.882303866940436
1.88115706944059,-1.6655985800795952,-1.448013900416244,120.15384071695856
-0.1803916817624078,-1.0723362684312816,1.3728484746765302,-15.369646336929843
-1.5708761520684993,1.3431507774308329,-1.1267674689098053,-139.0856007926539
0.9553052085705108,2.089162342370146,0.0884068862918473,138.53038481145555
-0.8222203955664315,-1.6911736584119241,0.2436872114919123,-107.45361239905074
-1.0399059271255309,3.3245484502125495,0.6127739050625697,-5.380133153076425
-0.3357846992901282,-3.8852363161908485,1.669021525289393,-99.87969303007824
0.6863184569567008,-1.2211089387803415,0.1058944531152342,38.49700694327495
-0.0686340460854686,-5.7367649262593305,-1.3683150388328105,-201.4641019140129
0.4599721429391164,-2.2602536110385505,-0.6777153697521061,-35.468766821377415
-0.5765104007267194,2.2774654809079404,-2.59104229214491,-41.50953446231014
3.193107567844861,-0.5414397407718767,0.2987529083656862,294.65173646851486
-1.326472128311083,1.1720877627844324,1.0473177066214483,-80.23193215647251
-0.5441140021141926,1.8095622932470292,-0.1627929060722942,-6.392541110170372
-0.661786464768388,0.5593629443082828,0.852433334796224,-24.00527737882996
0.538296079049633,1.5235072688688711,1.0725073373098022,114.6606214281715
0.597400069849858,-3.6828234454109774,0.7011727423108983,-29.237431762842977
-0.5827586576115821,0.7960870481988851,-2.438817158276429,-107.95294046504644
1.976440584515485,1.7532389414174527,-1.5642416117110514,198.597544963194
0.7505791675217656,-4.551521090015037,-0.4161944048852539,-56.88937742834534
0.9983108981479604,4.563948155767354,-0.4316203127180484,212.79427831635985
-1.3985675738191412,5.7282499214103915,0.5629692366905709,31.61025540199825
0.3464884758979927,2.7489830241074444,0.9980101098596522,113.33626298085152
1.1033018820165217,-0.1129041072745449,0.1142276486620396,106.4530260364396
-0.838585798447231,-0.9234254134166523,-0.8866809222834573,-134.58514553355167
1.0143700650181304,4.99642333338773,-1.8408742313316453,190.62773170316035
-0.643518230380143,6.495007034703252,0.9278401280812372,138.1557958345305
0.0208864882959617,4.984410497184054,0.2307009057186834,153.97292764384065
0.1043559375232129,4.8516377249058715,-0.8987840483231282,118.07362311130292
-0.510016398854747,3.1126198327736976,-0.2698749352933712,24.833338053486703
0.8271832490360238,0.830072397990057,0.013001891877907,93.1229298421745
-0.2902745441886513,2.757229448963306,0.2673923140719029,51.18091889096683
1.179440120721287,5.49437629756306,-0.4691756521047048,254.0979336358884
-0.5138669173366935,-2.819639358982066,-1.0592135218889516,-148.12076397591574
0.2873289044030093,-0.8623425582010665,-0.0455122453012421,10.160985846086575
0.6686548047579066,-0.5266918364976465,0.0980675395389445,57.43811575112556
-0.0241956063909161,1.2111902710098281,-0.903701860730128,7.190470654320407
1.2374381346841392,-0.1905737238460653,-0.45730165508679,98.5681736780316
0.0485216279448269,-2.591972309039448,-0.8309501164110378,-101.67194898519853
-0.476220873544659,-2.4577735791644932,0.8743891807127275,-88.98831902641759
-1.405567019178642,-1.1115242957700868,0.015618333949603,-154.25370395069874
0.849102110743144,2.0866132726973325,-0.2939669476641822,121.6581180738352
-1.382799730964336,-2.6268547601542718,0.9261775475316414,-185.45335906502024
-0.5327008396619114,1.5408003197091498,-1.169916835710288,-46.99647472289693
-0.9378250399151228,-4.133008103871273,0.5150352672086598,-190.05519399989905
-1.234348871879922,4.846748470644695,-0.5924642591528942,-13.14224118463371
-1.1119670257741636,7.862379273089925,1.4641772387524374,139.78246658349696
0.4794415180860639,-0.18529259958038669,0.8745170741325226,63.58471120532194
-0.8224199323822006,0.457064616101166,1.1210306673244714,-28.281785112681614
1.477894044741516,1.0713377145352392,-0.5182702182736474,165.9885844423319
0.2238840242791313,1.4430276952101397,-0.7904744554453119,50.62081605605678
-0.6680904536430488,0.9650934185880409,0.9920423495365228,-5.133876094933392
-1.331232953557778,-2.3579683815238486,-1.8362053731032968,-256.2479333671458
1.673452090298537,-0.8149653309781598,1.340461051790348,179.47532182929908
-0.3164084496948019,-3.2769382940177367,1.2130976999791834,-95.24637573935128
-1.503080301759818,1.9513502776084175,1.0519476177229186,-67.3738115788649
0.4209729443893898,2.0964852606076043,0.4920188479927992,104.47813614808152
1.598647170504717,-0.7763881880013069,0.5609194479412387,143.39858218411976
-0.0728289126568727,1.4197128737206344,-0.846793718068405,7.855846008762088
-0.4888494217862741,4.629730584816567,-1.1196174332890112,55.4509928134357
0.655900776529761,-8.821165903992839,0.1947361947187748,-169.68392447482594
0.0239030432849554,0.43466349929067327,-0.3514142357137325,-0.593444629290758
0.1904996797790664,0.9959409917070434,0.7094518171390395,63.93941294963267
-1.1165244399486591,-5.12207387277884,1.235811620006939,-228.62981209682928
-0.8082657216409264,0.255954427695072,-0.8304444065565653,-96.3077495725096
-0.7050118557584089,1.2570570280981355,-0.055769077657706,-30.900721209544933
-0.0985881322842617,4.23279713923881,0.0188496229448476,102.47047782743782
-1.5031429531181062,-0.7787740540908143,-0.2457430640859443,-180.2368421732004
0.6748194921666038,-0.1483911289572987,-1.1227220215622986,29.20509856491822
-0.4634176928124622,1.627680130757894,-0.4657297535702568,-14.785943473782169
-0.9824873935383096,2.822313563964648,-0.2246331499970246,-10.839893007059972
0.7368438970924334,2.652136189083149,-0.2813275571182134,133.7031083178844
1.7388996637975789,4.267109585095523,0.9788580507817954,313.19983590797256
-0.1845253576558495,-1.8730361691396722,-0.6047446645382127,-96.11401534327426
0.7600559636896026,-4.5141611220930065,0.0824397529345032,-53.84974836424172
0.8260471714415063,-0.3944177870150034,-0.4367642372382174,53.76135222694322
0.440474737960399,-4.778981200595008,-0.0196377989266812,-89.75619211219502
0.4763577693562192,-2.9206385991134063,0.5054701591666269,-23.587380977084425
-1.2565068942792563,4.330896010406443,0.8132051867479773,9.788760965799272
0.3287624103034804,-0.1924150397789775,0.321357215450273,37.24096908462844
-0.0093003211386144,0.000621194754591,-0.3278947165129178,-5.853903681471692
-1.703871586826719,-1.0995210611041553,-0.9244659881295544,-214.68719038436765
0.1940899928983075,-1.3393008436515847,1.073631749859772,2.098691812920812
-0.5601810401969696,-2.486985032766217,0.7472936051232618,-89.83156578027985
-0.4442932600761116,-2.936291147346922,0.3773004930448522,-133.20999197617175
0.8135096360006385,2.4762490469640897,1.305478807154329,182.26483727495096
0.6347214685617699,1.4675613904429905,1.1096998419562232,130.64718850733345
1.135565640180599,1.712671532079501,0.9540017634932024,183.35382277684155
1.0299608175811612,-1.930649496952386,-0.3347753321065408,52.56949716221399
-1.129706854657618,2.5070763361954254,0.5298041779152828,-33.86130115793143
0.3240570282215606,-0.571509317993434,-1.147691389815667,-9.886587613326068
-1.3671378064602455,1.389618876297369,0.8481742126666681,-77.04146428788347
-1.6127158711896517,2.0587805711235405,-0.4719318657894334,-100.29995442219268
0.1232048067844856,-0.5276574372970099,0.5514853760404675,31.59684691670575
-0.1326337463825735,5.699645804685648,-0.9745293046706416,139.46583784693755
2.0883747047807275,-8.688766134581067,-0.1395896281551737,-42.55010686841112
0.0519458858072994,2.1828886309109397,0.7326400772155792,70.57540262155813
-1.19363683175648,5.325932677828536,0.9191541736100016,34.044236917554194
0.0928449011411147,-1.6461747232228845,0.1598563919974003,-23.32952900671305
-2.120700152635066,-6.714693699974916,-0.6068651778571754,-420.28250449379806
0.3996879517526416,-3.89049584386754,-0.651356893791829,-75.15853926974829
-0.8560838259088672,2.491007449632737,0.0715662372193924,-3.305986187038231
-0.6929095952606542,1.0710464578951417,0.8995998754332507,0.2681163990725164
0.4400144500533324,-6.596417869860246,-0.5020542243526112,-142.4033362833176
-0.6231405264247644,-1.592990865005453,-0.5554771191602547,-127.14652657652988
0.0005279588565972,-1.3505677945542347,0.6012067489291149,-17.890875582767
-1.097302527632844,0.6503266912878873,-0.5888668267386961,-94.88590294611816
0.7942646796218271,-1.5871580320388845,-1.2542894231692494,-8.999222153475785
-0.7472116791478234,-0.06410188304530831,-2.4242402602729416,-136.51613081029242
0.8333339117803071,-1.6448063847752312,-1.10486279306252,-8.893768414707427
1.172729019259365,-0.07666221297433559,0.5436001545944323,140.21823534900398
-0.0349884904969617,-2.109529275377662,1.77080063563551,-17.545534658449
0.3465038817307158,-1.403103603935674,-0.046920578879184,-29.120608312220405
-1.803139676255945,-4.541143177838482,-1.5841359430054898,-334.50238598602886
1.2065089665083568,0.4401410592999684,-0.8169356709872361,110.42434488210031
-0.1298206997334261,-0.5558629766331249,0.0438114719791096,-27.28287138838317
-0.7627247785662142,-4.822679593106922,-0.7691423497872982,-218.03177144966
0.8951932200277323,1.1804561562652487,0.6351718016819695,125.4244396096442
-0.202980637395657,-3.9577415837963024,-0.8000385643976464,-147.25175483549447
1.083051243175277,1.6823535791047033,1.053802052034903,176.73454028888582
1.0729780477660118,-0.6279414587380845,2.3638724946193608,148.78656320365525
-0.4080753730215514,3.6036417664918345,-2.038124535177854,10.345838899249562
-1.183258512665775,-5.2762184592693435,-2.039232177760101,-305.1386789790494
0.3696421921980939,3.5193739127599235,-0.1073021440042288,143.1666454176027
1.7495839042054206,-4.819731302216037,1.3814540786904863,66.98986863008555
-0.4879114081457026,2.033777614017807,2.1573082132655035,58.103733255110654
0.6731813512699584,3.8692582622482368,-0.1384559839837738,164.70918040442248
0.0592184340144882,7.720079409749581,0.0139292919129462,233.92181709686375
-1.0196643386921156,1.6938177776808008,-0.0235521508742381,-49.55076207708974
1.6964563682900382,-6.245788223651166,0.2110174672026184,-1.4445763430513534
-1.4183657329330317,2.79777249561927,-1.760808811980776,-103.54598940689851
-0.5468589412403921,-1.7209860206407088,-0.0327532702159983,-119.67045425824504
0.5161782871149584,2.1752873605439915,-0.6414815952229522,82.49198011358315
0.0760053914124115,1.6749807375651673,0.5387559924463692,69.13903513038164
0.0870470682381712,2.4657075131256714,-0.2990073504658674,54.425672692236105
0.288693629279857,-0.7501395437968583,0.2603218387712207,16.651600837894964
1.8522781845089376,-1.8051198366881906,-0.0134972247379339,112.98115985604832
1.8381836767951223,1.1018619402040217,-0.2234659823718521,218.2236820502528
0.7153813154412441,3.3429650840066163,0.7181857257079345,177.06465473778525
2.0997217891665154,-0.1983978438774672,-0.2470257007459966,194.91380124244847
0.0774805185188625,-2.855755380066707,0.2577525401427507,-64.95582978901437
0.6860514599984393,-2.894770381740313,1.0584244868495878,13.42143248674677
0.2806364044901364,2.990576320397424,1.7586204841951334,163.29691030850802
-1.7397137787780996,3.4462971011163113,-0.3624409414031321,-71.49811229935891
0.034083468259226,-3.6718208002867687,-0.7699732310586418,-125.39260347814896
1.1428228145150203,-3.506034112858596,0.7519330326867741,36.80516790942085
1.6744924333475373,1.3733185984556573,-0.0055960188290465,196.51539522646695
-0.8682927318763665,1.1688425321127114,0.5346290861224353,-22.044420559823894
0.6663125009092119,-3.4463821054759682,0.4625912928539512,-5.028940138862659
0.3819354522315533,6.230243950682523,0.4300416471910696,222.31620929613507
0.645215585950057,1.563367285138015,0.5556044660034485,114.62279652259032
-0.0660797986473165,-4.98456018680688,-1.211016199762457,-177.3999505112906
0.0786351903160905,-0.24214974032574693,-1.998200684532108,-50.5313265129535
1.2038844371688162,1.8473134493134247,-0.1394462756809995,158.97751597947084
-0.487125383764696,-1.9519277073654808,-0.5923939242388692,-125.0323309781782
0.4996851103029338,0.7182135016061311,0.4720022709192744,68.45087135212887
-0.2209641738296639,2.6320868717270143,0.0268858389945307,74.72123648865002
-0.2093236771518661,4.413510982480825,-0.6690727386599166,69.71695353386573
1.2269332238843076,2.298240835154071,-0.1001540764799527,193.4091483381773
-0.9683444548636352,1.6501562970736556,0.1053755061459599,-46.170779277795255
-0.8627757640431206,-1.4365123680252123,0.6934789119139937,-96.39639825537698
0.3937972982162515,1.1061994419525591,-1.92767257934561,31.62346329776108
-1.1583646891925428,-0.0108076172717052,1.5033983017671506,-62.79388246712495
0.8711247034316923,6.226202395936316,-0.3260235321678411,259.5512061747739
-0.5756378262377739,2.100929638226974,0.1220098146453614,-4.489466998529387
0.9551423205012384,-0.1880372918195154,-0.9857260463355436,69.89089237447163
-0.4606387709597875,-2.159532625184126,1.0571222262189155,-80.24337271828722
0.6543656563540577,4.488132934467549,-0.055584670910455,177.16790278970808
-1.0589075870566005,-1.5172401127858102,1.4816634024625988,-112.91445171215516
0.1664522082130561,1.1472292385521519,0.4924512640081491,63.374232178677445
-0.5426737997340217,-5.403173202458217,-0.7877837519082389,-230.04150142117635
-0.8043157596599924,1.8885887526654326,0.8953554307625996,-16.24037158260633
2.601683114180395,0.7222595384657046,0.5655096456315442,293.6402700847017
-0.8432465953161917,-0.7381874643898455,2.1709427174978138,-63.0497292153666
-1.406317463671834,-2.077262939621568,-0.0831055726286947,-196.18176968246516
-0.7924199209999613,-0.43355601214655337,-0.3079615296390403,-94.192144215261
-0.8182206832334725,1.7854710763107409,2.09238727568546,34.00486106915746
0.0754336389015928,2.2263824732156765,-1.6019658118971685,7.316503638137686
-0.0960598997246498,7.680253614806384,1.1492733262856758,236.59757177344915
-0.6115178029919482,-2.2661487970599676,-1.4066610968482225,-138.03302046716766
0.6222071440434019,0.9014230788324848,-1.1388331177807691,70.99832274205521
1.265707840864701,-3.0830254227778737,-0.8661748482145009,26.10996560475184
-0.4400444866969837,-4.290424133881899,0.1307405772860913,-159.2184274073426
-1.5702247198904564,1.8654298866515893,-0.7271371758248686,-132.88928607964257
1.0352493347237526,2.6705952333743603,-1.8461878622380936,131.86025321725165
0.1979107834626478,5.207891409495748,-0.6514180036144483,148.30406140821557
-1.959670123879776,0.6265907850142662,-1.3281860488984305,-205.62493123059835
-2.4716445001272893,4.324705861973701,-0.7968952554704768,-160.76443047559593
-0.3791277409874871,4.885189869385615,-0.2035803601023617,100.18304170567212
-2.9911359709007237,0.255628348901703,-0.1868961581619848,-276.76576751061657
-1.913280244657798,0.7258868146981022,-1.7249178325130328,-211.80487731007292
0.9751197334177512,-2.031485134536335,-0.1470573815021386,25.84892083261517
-1.7858664919341112,1.7193834397236003,-0.3596296724524624,-148.71118810255754
-2.0841129394985884,11.778713119308982,1.7246966497611085,166.7215115855346
0.7426824183597224,0.22786580374826218,0.4822489526806572,89.47242064004124
-0.955122579349353,-1.21094538972599,0.423599065593461,-122.54445227273384
1.1173988159024608,1.5053482085026348,1.4484992298929262,183.4288063687599
1.1792971840638264,0.34702390287857576,0.0675184814101089,130.7958126791197
-0.2797601684958344,-0.8368887909954256,0.7903718960517113,-17.261998680271553
1.281643795003769,-0.953145290268702,0.5576910607251245,125.52971503861608
1.5655240292343404,1.1316356251935624,-0.0657502610729878,186.58587507087768
-1.3516846056163336,-2.7696997383327133,-0.9758732529773329,-241.9940440566521
0.2342147325365207,-0.10405466216034329,1.5505004928140769,76.5778396909463
-0.362838560439659,6.896694370857751,-0.4455025214007718,120.27902066797594
1.0964692338108837,3.6707066472558827,-0.6256772874962124,203.82075474254023
-0.6475418056351592,-1.0750204560636667,0.7441919714999368,-76.10189547954822
0.0557249122886946,-0.3773607602989443,1.0941915184709483,26.697187914762385
0.5868570938002703,-4.205553188376843,2.1904556258099785,5.066296593050113
2.949094425308725,-2.4762315899368654,1.2446795807367868,251.329004163734
-0.0606608138146207,5.703572057259023,-0.7084067669104628,151.28104638874268
-0.2293907440680277,3.5087699772833205,-0.0434769498138624,56.70890071796454
-1.356581804623405,0.8806737964998879,0.4664299824335263,-120.48779152570653
-0.9555404406004258,-0.3837527744422995,-1.6064463202575725,-139.1037921613875
-0.0079726413166173,2.6449192708483515,1.479944138890026,97.37533752271176
-0.2688886905548305,3.379695088643272,-1.1065259087416703,54.784792789853086
-0.4876062240724935,-1.2356308983674023,-0.4325581878196209,-82.6971843717988
0.3384964074944141,3.4312621296207872,-0.4152879139008013,113.98701983541258
-0.7484865365565536,0.9969420359387748,1.551151975522523,-24.33707938423393
-0.9043166251044086,0.7791675051644454,0.6385924587773739,-45.60305998033488
0.0281811573691282,-2.695403945373112,-0.0091189966442035,-86.24508284384056
-0.3519213178165091,-1.4616087635847812,-0.7699960661974573,-103.78130638739331
-1.5231869047837747,3.5851398867745274,-0.5589218472715883,-76.11370349746744
0.8250982646676347,0.4655720515769373,-0.8671302157109003,67.83476937137173
1.8732977762175456,-2.004432256616982,1.0800480657146485,143.33225809355852
-1.5648027713620551,1.048950141899081,0.0953441994413082,-124.30851747313709
-2.703232292999237,3.0031382777014235,0.6778753195309076,-174.6140818722392
-3.241267340069073,-0.1785760681854,-1.0243876413342898,-338.04590911709903
0.4183982208886837,1.5675423157972723,1.4015985929464294,136.122286998297
1.3043402428781523,-5.2455959197145425,-1.6624919880356743,-65.39442362207778
0.0488600703257043,1.6298940871091636,0.0405916912038823,45.71864317148335
-0.6757080791616118,-1.461685692340657,0.0341524174880246,-110.22977582741426
-1.0896330373423884,-1.956266665779182,-0.7847619081277034,-174.68497757459522
-0.7557451594928447,-0.5248792700862258,0.5365098435704035,-77.80643646842051
0.8297324178791745,-3.898743710782793,0.8113965544915921,12.761015608558264
-0.3092090770498634,-4.372654498394792,-0.7521564055905832,-185.692143946782
-1.1105758454658288,-2.333450062772626,1.7522704434236227,-138.30551619303128
0.7129984301723881,-3.666383426675836,-0.240325398158135,-44.65917591811608
0.1935899113675443,0.7876839870057748,0.8508979621679722,63.589718978467445
-0.8275902206487197,-1.101083517249967,0.0861438830463747,-117.91037370318368
0.632407739055521,-1.687400327682803,0.97255444962673,38.46906940191774
0.0733179671884038,2.4695117518857437,-1.289960899741054,47.26757543789709
-0.3877015599359841,-1.8383660714531587,0.2858653907249049,-79.84048618643158
-0.5574230531083212,1.7850883975066942,-0.412997822143434,-16.205634182057096
-0.9730689408815556,0.3587411052424596,1.196571501664491,-71.06183380510944
-0.535963445114048,3.2579463485250972,0.8080577982811451,59.12153066699698
-1.44964521969853,-0.25031390937108244,-0.9218598131253132,-181.8013712881464
-0.2768132998889206,-0.6637608707573159,0.3074066978091007,-31.615825650365625
0.1200313267182613,0.11401043450460059,0.6135179727304166,25.39750609477605
0.6791427754381955,-0.7903446482467473,-0.3020454994898642,45.64927391871269
0.5931012579683838,1.8478068208327914,-0.3095464393139903,104.143689430642
-0.0524044505774694,-4.215569540410725,1.7041055162554912,-83.51879836849213
1.228980502489062,1.6044520090377308,-0.6373077470287948,149.13530196041478
0.8823330623234091,1.8135459790661002,-0.4520903328330803,106.97939800131938
-0.5482872964906009,-0.4676945338100025,0.1600182258527877,-72.20266514722685
0.606850593215671,1.2602834713555238,2.0565435648295414,150.60995140688829
1.5646436558140062,-0.10747811732985452,-2.6197451040897444,77.09937797061649
-0.9637589262106108,0.7808415197486582,-0.9571509148950428,-95.3057358344303
0.0142730678364341,2.1922923571995736,-0.9539394193966448,43.59897016027678
0.4847328172944747,2.5583210253666584,-0.8463566549908735,99.07566035547158
1.7388513518533313,-1.9066735242132102,-0.3212427661179117,98.18191479959324
1.0062928092144403,-1.1536666326894758,-0.5768918695231487,58.9155949846361
0.6241198170521551,2.374988081888808,0.6283455092642799,130.42467058767522
-0.1374485146276918,4.120975635488873,0.9528745472029388,115.82457542199823
2.4553001399108942,0.8675059317234544,-0.637739984251316,234.9865712696546
1.066674689589154,1.521822093321893,1.1692955904456728,179.6951768078535
0.2942241290134937,0.7904616459931786,-0.234407800316322,44.5961055821329
-0.5503051538454201,0.7820212974717213,-0.6716233679380516,-39.61455557015315
-1.7785875840065168,3.577522537433925,0.3196518259189772,-60.52187965657836
-1.3810446031537749,-2.3579580979049473,0.3038185956048757,-193.7062079935786
0.1897061676103956,-4.089522013778431,-0.6619821777966091,-90.95316414702218
-0.6769220003059587,-1.1552468412489494,0.6116762888408679,-87.66999782156662
-0.1440875557216154,-2.8180061814562634,-1.2096947428411076,-109.45934482123386
0.1768208721393979,-2.16521266001176,-0.5466800845872654,-58.02635686014981
0.3015473423336124,-0.5770828943433675,-0.0347117697052433,14.6945404030849
-0.1730718242838696,0.37672936041462657,0.0155790475814675,9.312199232176573
-0.7537361643574896,-0.7361643480086115,-0.8895144296255233,-122.20880252285252
0.0033755065971609,-7.907243217050633,0.3278211728430852,-217.29924844252076
0.5150476863060479,1.5413578527366263,3.852731490654721,203.45897708290173
-0.6248185776956788,-3.8387309002071044,0.0260910502108337,-164.73169150145998
-0.2044712209861215,1.15896995343468,1.75547569831549,51.282761501306645
-0.3540407109410238,1.775442401224134,-0.573601772896901,-4.036640301374664
0.3227185603380895,-0.865975916760415,-0.827230943552323,-15.732709066222975
-0.039555153856655,3.1594585599987104,0.6815006973726244,112.2192709847302
0.2011596558728393,-1.3938518918951792,0.2832878715461421,-0.4622608055610246
-1.1306153349375263,-2.2748462066627706,0.6227112239002686,-143.55505569768098
-0.1227089335957241,-2.8801388858383907,0.0933723742766512,-87.30057474430535
0.1708654381279418,2.229792282068145,-0.1839833363526791,70.01898181470409
0.3464482094969757,0.7514785510376294,-0.6800247215784908,13.98049124634241
1.1337700968670643,-0.584724841058043,0.5935567222808619,114.4495161371582
0.594754341665286,1.6917273601570788,0.8534155587803077,119.67722910106936
1.613711269058647,1.265762262705854,0.4535343015139798,210.40472266018108
-0.6134026635409398,-1.0112579133541177,-0.3024696864881283,-77.44435584051047
-1.1430049127304835,1.9161906660875538,1.633431532301096,3.2133941530897374
0.9218015019772522,-0.9405890585171937,0.4826878872092127,91.39136703816663
-0.8892408282283243,-1.3666185780716122,0.9553005582377528,-107.35392839616608
1.2669111491866227,-1.452702218598754,-0.7076694656187807,79.76244741914329
-0.9993022322949108,-0.0686041868966463,-0.5047749212282174,-119.69310576803116
-0.9020515543575104,1.1292285782925497,-0.8696630812746944,-82.80717850504624
0.2560297343138756,1.417792447239129,0.982690983945514,80.25563105288043
2.5269324258736217,3.5651798203442517,-0.5308687729203206,325.8056247890691
0.169360824036078,-2.7620207792380986,-1.4137144969049802,-90.46855648473124
0.9638791167949096,-0.44100600488546576,2.2105230015913517,131.44083688523233
0.1503937864762076,-2.2773979846610937,0.3417559757771594,-42.25364154315152
-1.3993061748019415,1.4995923712211139,0.3676492929914216,-75.07164100490104
0.046980593764742,0.0157310991545493,-0.4500654714792436,-5.620012065347822
0.2553837556743171,-2.7762738781787615,-0.8953463223630241,-79.01665029422979
-2.696886642941572,-0.8181707092430115,-0.0542948665178122,-279.6011844264401
0.3312634314035639,-0.9276371275536437,0.9755451271223592,25.91254979002533
2.7596600389110777,3.180629722496639,0.392415967178767,366.28552533365337
0.8604734883597454,2.4472116376178903,-0.5830774385689385,137.00309719567156
0.6078965097165392,0.8370645773110175,0.1866091231563581,99.47047582224644
-1.280429352496283,1.8180298540369189,1.7547941819843649,-25.153878425075924
-1.3796181647889303,-2.914970203623858,-0.6267172245899651,-208.20500310677355
-1.0138959522925377,2.7728104186134894,0.085687161403359,-7.072826168463063
-0.4664953792281979,2.9897115317383416,0.6404797952008238,40.26486709474203
0.4367385517335095,0.5968444403894835,0.4042947549616976,54.102019762230405
1.3902075490173134,2.4532988976008614,0.5578103063518622,230.8624314003531
-1.252393444413119,-0.0362668435381635,0.3636318826249679,-125.6680225752047
-1.6151318159055097,-0.1069244468924505,1.1647393544571714,-119.93955444118428
